9/26/2023 15:52:23,Rua José Calazans Luz,árvore,Acácia,Acacia retinodes Schltdl.,Exótica,"Conhecida como ""Acácia Mimosa"", produz flores amarelas perfumadas quase o ano todo e é uma das poucas acácias que não possui espinhos.",25 - 30 cm,Com podridão leve no tronco,adequado e sem vandalismo,tocando rede elétrica,"De 2,5 até 3,0 m",sem restrições,inadequado,destruição de calçada
10/6/2023 17:59:32,Rua  Prof. Jair Barth,árvore,Acácia,Acacia retinodes Schltdl.,Exótica,"Conhecida como ""Acácia Mimosa"", produz flores amarelas perfumadas quase o ano todo e é uma das poucas acácias que não possui espinhos.",25 - 30 cm,Com podridão leve no tronco,com machucados (cortes),balanceada,"De 2,5 até 3,0 m",sem restrições,inadequado (menor que um metro quadrado),destruição de calçada
3/30/2024 16:07:58,Avenida João Barth,árvore,Acácia,Acacia retinodes Schltdl.,Exótica,"Conhecida como ""Acácia Mimosa"", produz flores amarelas perfumadas quase o ano todo e é uma das poucas acácias que não possui espinhos.",10 - 15 cm,saudável,"adequado e sem vandalismo, com machucados (cortes e rachaduras)",balanceada,"Acima de 3,0 m",sem restrições,inadequado (menor que um metro quadrado),Normal
3/30/2024 16:09:44,Avenida João Barth,árvore,Acácia,Acacia retinodes Schltdl.,Exótica,"Conhecida como ""Acácia Mimosa"", produz flores amarelas perfumadas quase o ano todo e é uma das poucas acácias que não possui espinhos.",20 - 25 cm,"saudável, presença de formigas","adequado e sem vandalismo, com machucados (cortes e rachaduras)",balanceada,"Acima de 3,0 m",sem restrições,inadequado (menor que um metro quadrado),Normal
3/30/2024 16:10:49,Avenida João Barth,árvore,Acácia,Acacia retinodes Schltdl.,Exótica,"Conhecida como ""Acácia Mimosa"", produz flores amarelas perfumadas quase o ano todo e é uma das poucas acácias que não possui espinhos.",10 - 15 cm,saudável,"adequado e sem vandalismo, com machucados (cortes e rachaduras)",balanceada,"Acima de 3,0 m",sem restrições,inadequado (menor que um metro quadrado),Normal
9/28/2023 16:39:30,Rua José Calazans Luz,árvore,Alfeneiro,Ligustrum lucidum W.T.Aiton,Exótica,"Chamado de ""Alfeneiro"", suas folhas são tão brilhantes que parecem ter sido enceradas, e seus frutos são tóxicos para humanos mas amados por pássaros.",30 - 35 cm,"Com podridão leve no tronco, com podridão em alguns galhos e/ou folhas",com machucados (cortes),"desbalanceada para o imóvel,  tocando rede elétrica","De 2,5 até 3,0 m",calçada soerguida (árvore),inadequado (menor que um metro quadrado),destruição de calçada
9/28/2023 16:43:25,Rua José Calazans Luz,árvore,Alfeneiro,Ligustrum lucidum W.T.Aiton,Exótica,"Chamado de ""Alfeneiro"", suas folhas são tão brilhantes que parecem ter sido enceradas, e seus frutos são tóxicos para humanos mas amados por pássaros.",30 - 35 cm,"com podridão severa de tronco, com podridão em alguns galhos e/ou folhas",com machucados (cortes),"Desbalanço lateral,  tocando rede elétrica","De 2,5 até 3,0 m",sem restrições,inadequado (menor que um metro quadrado),Normal
10/6/2023 18:19:53,Rua  Prof. Jair Barth,árvore,Alfeneiro,Ligustrum lucidum W.T.Aiton,Exótica,"Chamado de ""Alfeneiro"", suas folhas são tão brilhantes que parecem ter sido enceradas, e seus frutos são tóxicos para humanos mas amados por pássaros.",Acima de 40 cm ,"Com podridão leve no tronco, com podridão em alguns galhos e/ou folhas",adequado e sem vandalismo,desbalanceada para a rua,"De 2,5 até 3,0 m",sem restrições,inadequado (menor que um metro quadrado),"raiz exposta,  destruição de calçada"
10/8/2023 15:20:37,Rua Francisco Rodrigues Júnior,árvore,Alfeneiro,Ligustrum lucidum W.T.Aiton,Exótica,"Chamado de ""Alfeneiro"", suas folhas são tão brilhantes que parecem ter sido enceradas, e seus frutos são tóxicos para humanos mas amados por pássaros.",35 - 40 cm,"com podridão severa de tronco, com podridão em alguns galhos e/ou folhas, presença de formigas",com machucados (cortes e rachaduras),"balanceada,  com bromélias","De 2,5 até 3,0 m",sem restrições,inadequado (menor que um metro quadrado),"raiz exposta,  destruição de calçada"
10/8/2023 15:27:40,Rua Francisco Rodrigues Júnior,árvore,Alfeneiro,Ligustrum lucidum W.T.Aiton,Exótica,"Chamado de ""Alfeneiro"", suas folhas são tão brilhantes que parecem ter sido enceradas, e seus frutos são tóxicos para humanos mas amados por pássaros.",Mais de 1 metro,"Com podridão leve no tronco, com podridão em alguns galhos e/ou folhas",com machucados (cortes e rachaduras),"balanceada,  com bromélias","De 2,5 até 3,0 m",calçada soerguida (árvore),ausente (colo soterrado),"raiz exposta,  destruição de calçada,  destruição de pavimento asfáltico"
9/26/2023 16:23:08,Rua José Calazans Luz,árvore,Amoreira,Morus nigra L.,Exótica,"A ""Amoreira-negra"" produz frutos que mancham intensamente, sendo usados como corante natural desde a antiguidade.",0 - 5 cm,saudável,adequado e sem vandalismo,desbalanceada para a rua,"De 2,5 até 3,0 m",sem restrições,ausente,Normal
10/6/2023 18:03:23,Rua  Prof. Jair Barth,árvore,Amoreira,Morus nigra L.,Exótica,"A ""Amoreira-negra"" produz frutos que mancham intensamente, sendo usados como corante natural desde a antiguidade.",5 - 10 cm,saudável,adequado e sem vandalismo,balanceada,"De 2,5 até 3,0 m",sem restrições,inadequado (menor que um metro quadrado),Normal
10/7/2023 11:01:35,Rua Vicente Eugênio Piedade,árvore,Amoreira,Morus nigra L.,Exótica,"A ""Amoreira-negra"" produz frutos que mancham intensamente, sendo usados como corante natural desde a antiguidade.",5 - 10 cm,saudável,adequado e sem vandalismo,Desbalanço lateral,"Acima de 3,0 m",sem restrições,inadequado (menor que um metro quadrado),Normal
10/15/2023 17:02:17,Rua Laura Calazans Luz de Moura,árvore,Amoreira,Morus nigra L.,Exótica,"A ""Amoreira-negra"" produz frutos que mancham intensamente, sendo usados como corante natural desde a antiguidade.",25 - 30 cm,Com podridão leve no tronco,"com machucados (cortes e rachaduras), com gravuras e letras","desbalanceada para a rua,  tocando rede elétrica,  atrapalhando visão do trânsito","De 2,0  até 2,5 m","sem restrições, calçada com desnível (urbanismo)",inadequado (menor que um metro quadrado),destruição de calçada
10/20/2023 8:46:36,Rua Laura Calazans Luz de Moura,árvore,Angico branco,Anadenanthera colubrina (Vell.) Brenan,Nativa," Conhecida como ""Angico-branco"", sua casca contém taninos usados no curtimento de couro e suas sementes eram usadas em rituais indígenas.",10 - 15 cm,saudável,adequado e sem vandalismo,balanceada,"De 2,5 até 3,0 m",sem restrições,inadequado (menor que um metro quadrado),Normal
10/7/2023 12:09:03,Rua Vicente Eugênio Piedade,árvore,Aroeira salsa,Schinus molle L.,Nativa,"A ""Aroeira-salsa"" produz a pimenta-rosa, que não é pimenta verdadeira, mas um condimento aromático muito valorizado na gastronomia.",Acima de 40 cm ,Com podridão leve no tronco,adequado e sem vandalismo,desbalanceada para a rua,"De 2,5 até 3,0 m",sem restrições,inadequado (menor que um metro quadrado),destruição de calçada
3/30/2024 16:51:53,Avenida João Barth,árvore,Aroeira salsa,Schinus molle L.,Nativa,"A ""Aroeira-salsa"" produz a pimenta-rosa, que não é pimenta verdadeira, mas um condimento aromático muito valorizado na gastronomia.",20 - 25 cm,saudável,adequado e sem vandalismo,balanceada,"Acima de 3,0 m",sem restrições,inadequado (menor que um metro quadrado),Normal
10/23/2023 0:52:12,Rua Vicente Eugênio Piedade,árvore,Canelinha do brejo,Costus spicatus (Jacq.) Sw.,Nativa,"Chamada de ""Canelinha-do-brejo"", suas flores vermelhas brilhantes são polinizadas por beija-flores e suas folhas eram usadas como anti-inflamatório.",Acima de 40 cm ,Com podridão mediana no tronco,adequado e sem vandalismo,desbalanceada para o imóvel,"De 2,5 até 3,0 m",sem restrições,inadequado (menor que um metro quadrado),destruição de calçada
10/23/2023 0:54:02,Rua Vicente Eugênio Piedade,árvore,Canelinha do brejo,Costus spicatus (Jacq.) Sw.,Nativa,"Chamada de ""Canelinha-do-brejo"", suas flores vermelhas brilhantes são polinizadas por beija-flores e suas folhas eram usadas como anti-inflamatório.",Acima de 40 cm,saudável,adequado e sem vandalismo,balanceada,"De 2,5 até 3,0 m",calçada soerguida (árvore),inadequado (menor que um metro quadrado),"raiz exposta,  destruição de calçada"
10/6/2023 17:34:37,Rua  Prof. Jair Barth,árvore,Cerejeira do mato,Eugenia involucrata DC.,Nativa,"A ""Cerejeira-do-mato"" produz frutos que mudam do verde ao vermelho-púrpura quando maduros, muito apreciados por pássaros.",10 - 15 cm,saudável,adequado e sem vandalismo,desbalanceada para a rua,"De 2,5 até 3,0 m",sem restrições,adequado (ao menos metro quadrado ),Normal
3/30/2024 15:52:05,Avenida João Barth,árvore,Cerejeira do mato (do Rio Grande),Eugenia involucrata DC.,Nativa,"A ""Cerejeira-do-mato"" produz frutos que mudam do verde ao vermelho-púrpura quando maduros, muito apreciados por pássaros.",0 - 5 cm,saudável,adequado e sem vandalismo,Muda nova ,"Acima de 3,0 m",sem restrições,inadequado (menor que um metro quadrado),Normal
3/30/2024 16:35:41,Avenida João Barth,árvore,Cerejeira do mato (do Rio Grande),Eugenia involucrata DC.,Nativa,"A ""Cerejeira-do-mato"" produz frutos que mudam do verde ao vermelho-púrpura quando maduros, muito apreciados por pássaros.",Acima de 40 cm ,com podridão em alguns galhos e/ou folhas,adequado e sem vandalismo,"balanceada,  com unha de gato ","Acima de 3,0 m",sem restrições,inadequado (menor que um metro quadrado),Normal
3/30/2024 16:37:47,Avenida João Barth,árvore,Cerejeira do mato (do Rio Grande),Eugenia involucrata DC.,Nativa,"A ""Cerejeira-do-mato"" produz frutos que mudam do verde ao vermelho-púrpura quando maduros, muito apreciados por pássaros.",Acima de 40 cm,com podridão em muitos galhos e/ou folhas,adequado e sem vandalismo,"balanceada,  com unha de gato","Acima de 3,0 m",sem restrições,inadequado (menor que um metro quadrado),Normal
10/7/2023 11:18:12,Rua Vicente Eugênio Piedade,árvore,Cerejeira-do-Japão (Sakura),Prunus serrulata Lindl.,Exótica,"A famosa ""Sakura"" japonesa tem flores que desabrocham por apenas uma semana, simbolizando a transitoriedade da vida na cultura japonesa.",5 - 10 cm,saudável,adequado e sem vandalismo,balanceada,"De 2,5 até 3,0 m",sem restrições,inadequado (menor que um metro quadrado),Normal
10/7/2023 12:06:30,Rua Vicente Eugênio Piedade,árvore,Cerejeira-do-Japão (Sakura),Prunus serrulata Lindl.,Exótica,"A famosa ""Sakura"" japonesa tem flores que desabrocham por apenas uma semana, simbolizando a transitoriedade da vida na cultura japonesa.",30 - 35 cm,saudável,com machucados (cortes e rachaduras),balanceada,"De 2,5 até 3,0 m",sem restrições,inadequado (menor que um metro quadrado),Normal
10/8/2023 15:36:58,Rua Francisco Rodrigues Júnior,árvore,Cerejeira-do-Japão (Sakura),Prunus serrulata Lindl.,Exótica,"A famosa ""Sakura"" japonesa tem flores que desabrocham por apenas uma semana, simbolizando a transitoriedade da vida na cultura japonesa.",52 cm,saudável,adequado e sem vandalismo,"balanceada,  atrapalhando visão do trânsito","De 2,5 até 3,0 m",sem restrições,inadequado (menor que um metro quadrado),Normal
10/6/2023 18:40:15,Rua  Prof. Jair Barth,árvore,Chapéu-de-sol,Terminalia catappa L.,Exótica,"Conhecida como ""Chapéu-de-sol"", suas folhas ficam vermelhas antes de cair e suas amêndoas são comestíveis e saborosas.",15 - 20 cm,saudável,"com gravuras e letras, Lata presa no tronco ",balanceada,"De 2,5 até 3,0 m",sem restrições,inadequado (menor que um metro quadrado),destruição de calçada
10/7/2023 12:22:04,Rua Vicente Eugênio Piedade,árvore,Chapéu-de-sol,Terminalia catappa L.,Exótica,"Conhecida como ""Chapéu-de-sol"", suas folhas ficam vermelhas antes de cair e suas amêndoas são comestíveis e saborosas.",25 - 30 cm,Com podridão leve no tronco,com machucados (cortes e rachaduras),tocando rede elétrica,"De 1,5 até 2,0 m",sem restrições,inadequado (menor que um metro quadrado),Normal
10/15/2023 16:23:31,Rua Laura Calazans Luz de Moura,árvore,Chapéu-de-sol,Terminalia catappa L.,Exótica,"Conhecida como ""Chapéu-de-sol"", suas folhas ficam vermelhas antes de cair e suas amêndoas são comestíveis e saborosas.",Acima de 40,"saudável, Bastante musgo no tronco",adequado e sem vandalismo,balanceada,"De 2,5 até 3,0 m",sem restrições,inadequado (menor que um metro quadrado),Normal
10/23/2023 0:45:40,Rua Vicente Eugênio Piedade,árvore,Chapéu-de-sol,Terminalia catappa L.,Exótica,"Conhecida como ""Chapéu-de-sol"", suas folhas ficam vermelhas antes de cair e suas amêndoas são comestíveis e saborosas.",30 - 35 cm,saudável,adequado e sem vandalismo,Poda drástica,"De 2,5 até 3,0 m",sem restrições,inadequado (menor que um metro quadrado),Normal
9/26/2023 16:17:01,Rua José Calazans Luz,árvore,Cipreste,Callitropsis nootkatensis (D.Don) Oerst.,Exótica,"O ""Falso-ciprese"" produz uma madeira aromática e resistente à podridão, usada por indígenas para canoas e totens.",5 - 10 cm,saudável,adequado e sem vandalismo,balanceada,"De 2,5 até 3,0 m",sem restrições,inadequado,Normal
10/8/2023 14:56:49,Rua Francisco Rodrigues Júnior,árvore,Cipreste,Callitropsis nootkatensis (D.Don) Oerst.,Exótica,"O ""Falso-ciprese"" produz uma madeira aromática e resistente à podridão, usada por indígenas para canoas e totens.",10 - 15 cm,Alguns ramos secos,adequado e sem vandalismo,"balanceada,  tocando rede elétrica","De 2,5 até 3,0 m","sem restrições,  calçada com desnível (urbanismo)",inadequado (menor que um metro quadrado),Normal
10/23/2023 0:49:07,Rua Vicente Eugênio Piedade,árvore,Escova de garrafa,Melaleuca rugulosa (Link) Craven,Exótica,"Chamada de ""Escova-de-garrafa"", suas flores têm estames longos que lembram escovas de limpar garrafas.",35 - 40 cm,saudável,adequado e sem vandalismo,"Desbalanço lateral,  atrapalhando visão do trânsito","Acima de 3,0 m",calçada soerguida (árvore),inadequado (menor que um metro quadrado),destruição de calçada
10/23/2023 0:50:09,Rua Vicente Eugênio Piedade,árvore,Escova de garrafa,Melaleuca rugulosa (Link) Craven,Exótica,"Chamada de ""Escova-de-garrafa"", suas flores têm estames longos que lembram escovas de limpar garrafas.",Acima de 40 cm ,saudável,adequado e sem vandalismo,balanceada,"Acima de 3,0 m",sem restrições,inadequado (menor que um metro quadrado),Normal
9/28/2023 15:58:51,Rua José Calazans Luz,árvore,Ficus,Ficus racemosa L.,Exótica,"Conhecida como ""Figueira-dos-pagodes"", seus frutos crescem diretamente no tronco (caulifloria) e são importantes na alimentação de morcegos.",Acima de 40 cm ,saudável,adequado e sem vandalismo,balanceada,"De 2,5 até 3,0 m",sem restrições,inadequado (menor que um metro quadrado),raiz exposta
9/28/2023 16:05:45,Rua José Calazans Luz,árvore,Ficus,Ficus racemosa L.,Exótica,"Conhecida como ""Figueira-dos-pagodes"", seus frutos crescem diretamente no tronco (caulifloria) e são importantes na alimentação de morcegos.",Quase 1 metro ,com podridão em muitos galhos e/ou folhas,adequado e sem vandalismo,desbalanceada para a rua,"De 2,5 até 3,0 m",sem restrições,adequado (ao menos metro quadrado ),"raiz exposta,  destruição de calçada,  destruição de pavimento asfáltico,  raizes em direção ao muro "
10/6/2023 17:56:13,Rua  Prof. Jair Barth,árvore,Ficus,Ficus racemosa L.,Exótica,"Conhecida como ""Figueira-dos-pagodes"", seus frutos crescem diretamente no tronco (caulifloria) e são importantes na alimentação de morcegos.",30 - 35 cm,com podridão em alguns galhos e/ou folhas,com gravuras e letras,balanceada,"De 2,5 até 3,0 m",sem restrições,inadequado (menor que um metro quadrado),Normal
10/6/2023 18:14:47,Rua  Prof. Jair Barth,árvore,Ficus,Ficus racemosa L.,Exótica,"Conhecida como ""Figueira-dos-pagodes"", seus frutos crescem diretamente no tronco (caulifloria) e são importantes na alimentação de morcegos.",Acima de 40 cm ,"Com podridão leve no tronco, com podridão em muitos galhos e/ou folhas",adequado e sem vandalismo,balanceada,"De 2,5 até 3,0 m",sem restrições,inadequado (menor que um metro quadrado),Normal
10/6/2023 18:15:56,Rua  Prof. Jair Barth,árvore,Ficus,Ficus racemosa L.,Exótica,"Conhecida como ""Figueira-dos-pagodes"", seus frutos crescem diretamente no tronco (caulifloria) e são importantes na alimentação de morcegos.",Acima de 40 cm,"Com podridão leve no tronco, com podridão em alguns galhos e/ou folhas",adequado e sem vandalismo,balanceada,"De 2,5 até 3,0 m",sem restrições,inadequado (menor que um metro quadrado),Normal
10/6/2023 18:16:59,Rua  Prof. Jair Barth,árvore,Ficus,Ficus racemosa L.,Exótica,"Conhecida como ""Figueira-dos-pagodes"", seus frutos crescem diretamente no tronco (caulifloria) e são importantes na alimentação de morcegos.",Acima de 40 cm ,"com podridão severa de tronco, com podridão em alguns galhos e/ou folhas",adequado e sem vandalismo,balanceada,"De 2,5 até 3,0 m",sem restrições,inadequado (menor que um metro quadrado),raiz exposta
10/7/2023 12:10:26,Rua Vicente Eugênio Piedade,árvore,Ficus,Ficus racemosa L.,Exótica,"Conhecida como ""Figueira-dos-pagodes"", seus frutos crescem diretamente no tronco (caulifloria) e são importantes na alimentação de morcegos.",Acima de 40 cm ,"saudável, com podridão em alguns galhos e/ou folhas",adequado e sem vandalismo,balanceada,"De 2,5 até 3,0 m",sem restrições,inadequado (menor que um metro quadrado),Normal
10/7/2023 12:30:51,Rua João Vieira de Camargo,árvore,Ficus,Ficus racemosa L.,Exótica,"Conhecida como ""Figueira-dos-pagodes"", seus frutos crescem diretamente no tronco (caulifloria) e são importantes na alimentação de morcegos.",Acima de 40 cm ,com podridão severa de tronco,adequado e sem vandalismo,balanceada,"De 2,0  até 2,5 m",sem restrições,inadequado (menor que um metro quadrado),Normal
10/7/2023 12:37:02,Rua João Vieira de Camargo,árvore,Ficus,Ficus racemosa L.,Exótica,"Conhecida como ""Figueira-dos-pagodes"", seus frutos crescem diretamente no tronco (caulifloria) e são importantes na alimentação de morcegos.",Acima de 40 cm ,Com podridão leve no tronco,adequado e sem vandalismo,balanceada,"De 2,5 até 3,0 m",sem restrições,inadequado (menor que um metro quadrado),Normal
10/7/2023 12:37:54,Rua João Vieira de Camargo,árvore,Ficus,Ficus racemosa L.,Exótica,"Conhecida como ""Figueira-dos-pagodes"", seus frutos crescem diretamente no tronco (caulifloria) e são importantes na alimentação de morcegos.",25 - 30 cm,Com podridão leve no tronco,adequado e sem vandalismo,balanceada,"De 2,5 até 3,0 m",sem restrições,inadequado (menor que um metro quadrado),Normal
10/7/2023 12:38:31,Rua João Vieira de Camargo,árvore,Ficus,Ficus racemosa L.,Exótica,"Conhecida como ""Figueira-dos-pagodes"", seus frutos crescem diretamente no tronco (caulifloria) e são importantes na alimentação de morcegos.",35 - 40 cm,Com podridão leve no tronco,adequado e sem vandalismo,balanceada,"De 2,5 até 3,0 m",sem restrições,inadequado (menor que um metro quadrado),Normal
10/8/2023 15:10:48,Rua Francisco Rodrigues Júnior,árvore,Ficus,Ficus racemosa L.,Exótica,"Conhecida como ""Figueira-dos-pagodes"", seus frutos crescem diretamente no tronco (caulifloria) e são importantes na alimentação de morcegos.",80 cm,"Com podridão leve no tronco, com podridão em alguns galhos e/ou folhas, Resquícios de caiaçao",com machucados (cortes e rachaduras),balanceada,"De 2,5 até 3,0 m",calçada soerguida (árvore),ausente (colo soterrado),"raiz exposta,  destruição de calçada"
10/8/2023 15:13:03,Rua Francisco Rodrigues Júnior,árvore,Ficus,Ficus racemosa L.,Exótica,"Conhecida como ""Figueira-dos-pagodes"", seus frutos crescem diretamente no tronco (caulifloria) e são importantes na alimentação de morcegos.",35 - 40 cm,"Com podridão leve no tronco, com podridão em muitos galhos e/ou folhas",com machucados (cortes e rachaduras),balanceada,"De 2,5 até 3,0 m",sem restrições,ausente (colo soterrado),raiz exposta
10/8/2023 15:15:14,Rua Francisco Rodrigues Júnior,árvore,Ficus,Ficus racemosa L.,Exótica,"Conhecida como ""Figueira-dos-pagodes"", seus frutos crescem diretamente no tronco (caulifloria) e são importantes na alimentação de morcegos.",35 - 40 cm,com podridão em alguns galhos e/ou folhas,com machucados (cortes e rachaduras),balanceada,"De 2,5 até 3,0 m",sem restrições,ausente (colo soterrado),raiz exposta
10/8/2023 15:17:30,Rua Francisco Rodrigues Júnior,árvore,Ficus,Ficus racemosa L.,Exótica,"Conhecida como ""Figueira-dos-pagodes"", seus frutos crescem diretamente no tronco (caulifloria) e são importantes na alimentação de morcegos.",35 - 40 cm,Com podridão leve no tronco,com machucados (cortes e rachaduras),"balanceada,  com bromélias","De 2,5 até 3,0 m",sem restrições,inadequado (menor que um metro quadrado),raiz exposta
10/15/2023 16:00:12,Rua Laura Calazans Luz de Moura,árvore,Ficus,Ficus racemosa L.,Exótica,"Conhecida como ""Figueira-dos-pagodes"", seus frutos crescem diretamente no tronco (caulifloria) e são importantes na alimentação de morcegos.",10 - 15 cm,com podridão em alguns galhos e/ou folhas,com machucados (cortes e rachaduras),balanceada,"De 2,0  até 2,5 m",calçada soerguida (árvore),inadequado (menor que um metro quadrado),destruição de calçada
9/28/2023 16:32:25,Rua José Calazans Luz,árvore,Flamboyant,Delonix regia (Bojer ex Hook.) Raf.,Exótica,"O ""Flamboyant"" é considerado uma das árvores mais floríferas do mundo, criando um espetáculo de cores vermelhas quando em flor.",Acima de 40 cm,com podridão em alguns galhos e/ou folhas,adequado e sem vandalismo,"desbalanceada para a rua,  desbalanço lateral","Acima de 3,0 m",sem restrições,inadequado (menor que um metro quadrado),"raiz exposta,  destruição de calçada,  destruição de pavimento asfáltico"
10/8/2023 15:24:45,Rua Francisco Rodrigues Júnior,árvore,Flamboyant,Delonix regia (Bojer ex Hook.) Raf.,Exótica,"O ""Flamboyant"" é considerado uma das árvores mais floríferas do mundo, criando um espetáculo de cores vermelhas quando em flor.",60 cm,"Com podridão leve no tronco, com podridão em alguns galhos e/ou folhas","com machucados (cortes e rachaduras), Raizes expostas enoveladas","Desbalanço lateral,  com erva de passarinho,  com bromélias","De 2,5 até 3,0 m",calçada soerguida (árvore),inadequado (menor que um metro quadrado),"raiz exposta,  destruição de calçada,  destruição de pavimento asfáltico"
10/6/2023 18:01:18,Rua  Prof. Jair Barth,árvore,Goiabeira,Psidium guajava L.,Nativa,"A ""Goiabeira"" tem folhas com propriedades medicinais e seus frutos contêm 4 vezes mais vitamina C que a laranja.",25 - 30 cm,"Com podridão leve no tronco, com podridão em alguns galhos e/ou folhas",com gravuras e letras,balanceada,"De 2,5 até 3,0 m",sem restrições,ausente (colo soterrado),destruição de calçada
10/7/2023 11:52:55,Rua Vicente Eugênio Piedade,árvore,Goiabeira,Psidium guajava L.,Nativa,"A ""Goiabeira"" tem folhas com propriedades medicinais e seus frutos contêm 4 vezes mais vitamina C que a laranja.",15 - 20 cm,saudável,adequado e sem vandalismo,Desbalanço lateral,"De 2,0  até 2,5 m",sem restrições,inadequado (menor que um metro quadrado),Normal
10/15/2023 16:11:29,Rua Laura Calazans Luz de Moura,árvore,Goiabeira,Psidium guajava L.,Nativa,"A ""Goiabeira"" tem folhas com propriedades medicinais e seus frutos contêm 4 vezes mais vitamina C que a laranja.",15 - 20 cm,saudável,adequado e sem vandalismo,"balanceada, atrapalhando visão do trânsito,  com fiação amarrada nela","De 2,0  até 2,5 m",sem restrições,inadequado (menor que um metro quadrado),Normal
10/7/2023 11:22:53,Rua Vicente Eugênio Piedade,árvore,Hibisco,Hibiscus rosa-sinensis L. ,Exótica,"O ""Hibisco"" tem flores comestíveis usadas para chás e suas pétalas eram usadas para polir sapatos no passado.",5 - 10 cm,Com podridão leve no tronco,adequado e sem vandalismo,Desbalanço lateral,"De 2,5 até 3,0 m",sem restrições,inadequado (menor que um metro quadrado),Normal
10/7/2023 12:43:03,Rua João Vieira de Camargo,árvore,Hibisco,Hibiscus rosa-sinensis L. ,Exótica,"O ""Hibisco"" tem flores comestíveis usadas para chás e suas pétalas eram usadas para polir sapatos no passado.",30 - 35 cm,saudável,adequado e sem vandalismo,balanceada,"De 2,0  até 2,5 m",sem restrições,inadequado (menor que um metro quadrado),Normal
10/15/2023 15:38:43,Rua Laura Calazans Luz de Moura,árvore,Hibisco,Hibiscus rosa-sinensis L. ,Exótica,"O ""Hibisco"" tem flores comestíveis usadas para chás e suas pétalas eram usadas para polir sapatos no passado.",15 - 20 cm,"Com podridão leve no tronco, Hibisco amarelo",com machucados (cortes e rachaduras),balanceada,"De 1,5 até 2,0 m",copa e/ou galhos no caminho,inadequado (menor que um metro quadrado),Normal
10/15/2023 16:27:45,Rua Laura Calazans Luz de Moura,árvore,Ipê amarelo,Handroanthus albus (Cham.) Mattos,Nativa,"O ""Ipê-amarelo"" é a árvore símbolo do Brasil e sua madeira é tão densa que não flutua na água.",20 - 25 cm,Tomado por erva de passarinho e figueira mata pau,adequado e sem vandalismo,"desbalanceada para o imóvel,  tocando rede elétrica,  com erva de passarinho,  com figueira mata pau,  com bromélias","De 2,0  até 2,5 m",sem restrições,inadequado (menor que um metro quadrado),Normal
3/30/2024 16:11:47,Avenida João Barth,árvore,Ipê amarelo,Handroanthus albus (Cham.) Mattos,Nativa,"O ""Ipê-amarelo"" é a árvore símbolo do Brasil e sua madeira é tão densa que não flutua na água.",15 - 20 cm,saudável,adequado e sem vandalismo,balanceada,"Acima de 3,0 m",sem restrições,inadequado (menor que um metro quadrado),Normal
3/30/2024 17:01:11,Avenida João Barth,árvore,Ipê amarelo,Handroanthus albus (Cham.) Mattos,Nativa,"O ""Ipê-amarelo"" é a árvore símbolo do Brasil e sua madeira é tão densa que não flutua na água.",5 - 10 cm,saudável,adequado e sem vandalismo,Muda nova,"Acima de 3,0 m",sem restrições,inadequado (menor que um metro quadrado),Normal
3/30/2024 17:11:11,Avenida João Barth,árvore,Ipê amarelo,Handroanthus albus (Cham.) Mattos,Nativa,"O ""Ipê-amarelo"" é a árvore símbolo do Brasil e sua madeira é tão densa que não flutua na água.",10 - 15 cm,saudável,adequado e sem vandalismo,balanceada,"Acima de 3,0 m",sem restrições,inadequado (menor que um metro quadrado),Normal
3/30/2024 17:17:04,Avenida João Barth,árvore,Ipê rosa,Tabebuia rosea (Bertol.) Bertero ex A.DC.,Nativa,"O ""Ipê-rosa"" floresce quando está quase sem folhas, criando um efeito visual impressionante de copas rosadas.",10 - 15 cm,saudável,adequado e sem vandalismo,balanceada,"Acima de 3,0 m",sem restrições,inadequado (menor que um metro quadrado),Normal
10/6/2023 17:16:22,Rua  Prof. Jair Barth,árvore,Ipê roxo,Handroanthus heptaphyllus (Vell.) Mattos,Nativa,"O ""Ipê-roxo"" tem flores que mudam de cor conforme envelhecem, do roxo para o rosa claro.",0 - 5 cm,saudável,adequado e sem vandalismo,balanceada,"De 2,5 até 3,0 m",sem restrições,inadequado (menor que um metro quadrado),Normal
10/15/2023 16:50:56,Rua Laura Calazans Luz de Moura,árvore,Ipê roxo,Handroanthus heptaphyllus (Vell.) Mattos,Nativa,"O ""Ipê-roxo"" tem flores que mudam de cor conforme envelhecem, do roxo para o rosa claro.",50 cm,saudável,adequado e sem vandalismo,"desbalanceada para o imóvel,  com bromélias","De 2,0  até 2,5 m",calçada soerguida (árvore),inadequado (menor que um metro quadrado),destruição de calçada
3/30/2024 16:56:18,Avenida João Barth,árvore,Jacarandá mimoso,Jacaranda cuspidifolia Mart.,Nativa,"Conhecida como ""Jacarandá-mimoso"", suas flores caídas formam tapetes azuis no chão durante a floração.",25 - 30 cm,saudável,adequado e sem vandalismo,"balanceada,  desbalanceada para a rua","Acima de 3,0 m",sem restrições,ausente (colo soterrado),Normal
3/30/2024 16:58:06,Avenida João Barth,árvore,Jacarandá mimoso,Jacaranda cuspidifolia Mart.,Nativa,"Conhecida como ""Jacarandá-mimoso"", suas flores caídas formam tapetes azuis no chão durante a floração.",25 - 30 cm,saudável,adequado e sem vandalismo,"balanceada,  desbalanceada para a rua","Acima de 3,0 m",sem restrições,ausente (colo soterrado),Normal
3/30/2024 16:59:04,Avenida João Barth,árvore,Jacarandá mimoso,Jacaranda cuspidifolia Mart.,Nativa,"Conhecida como ""Jacarandá-mimoso"", suas flores caídas formam tapetes azuis no chão durante a floração.",25 - 30 cm,saudável,"adequado e sem vandalismo, com machucados (cortes e rachaduras)","balanceada,  desbalanceada para a rua","Acima de 3,0 m",sem restrições,ausente (colo soterrado),Normal
10/6/2023 18:10:47,Rua  Prof. Jair Barth,árvore,Leucena,Leucaena leucocephala (Lam.) de Wit,Exótica,"A ""Leucena"" cresce tão rápido que pode atingir 5m em um ano, mas é considerada invasora em muitos locais.",5 - 10 cm,saudável,adequado e sem vandalismo,balanceada,"De 2,5 até 3,0 m",sem restrições,inadequado (menor que um metro quadrado),Normal
9/28/2023 15:52:09,Rua José Calazans Luz,árvore,Manacá-da-serra,Pleroma mutabile (Vell.) Triana,Nativa,"O ""Manacá-da-serra"" tem flores que mudam de cor (branco para rosa e depois roxo) em apenas 3 dias.",35 - 40 cm,"saudável,  presenças de bromélias ",adequado e sem vandalismo,balanceada,"Acima de 3,0 m",sem restrições,inadequado (menor que um metro quadrado),Normal
10/7/2023 12:02:38,Rua Vicente Eugênio Piedade,árvore,Mangueira,Mangifera indica L.,Exótica,"A ""Mangueira"" pode viver mais de 300 anos e uma única árvore adulta pode produzir até 1.000 frutos por temporada.",Acima de 40 cm,saudável,adequado e sem vandalismo,balanceada,"De 2,5 até 3,0 m",sem restrições,inadequado (menor que um metro quadrado),destruição de calçada
9/28/2023 15:43:30,Rua José Calazans Luz,árvore,Murta,Myrtus communis L.,Exótica,"A ""Murta"" era considerada sagrada para Vênus na mitologia romana e suas folhas são usadas em perfumaria.",20 - 25 cm,"saudável,  presença de erva de pássaro ",adequado e sem vandalismo,balanceada,"Acima de 3,0 m",sem restrições,inadequado (menor que um metro quadrado),Normal
9/28/2023 15:56:13,Rua José Calazans Luz,árvore,Murta,Myrtus communis L.,Exótica,"A ""Murta"" era considerada sagrada para Vênus na mitologia romana e suas folhas são usadas em perfumaria.",0 - 5 cm,saudável,adequado e sem vandalismo,"balanceada,  atrapalhando visão do trânsito","Acima de 3,0 m",sem restrições,inadequado (menor que um metro quadrado),Normal
10/6/2023 17:22:13,Rua  Prof. Jair Barth,árvore,Murta,Myrtus communis L.,Exótica,"A ""Murta"" era considerada sagrada para Vênus na mitologia romana e suas folhas são usadas em perfumaria.",5 - 10 cm,saudável,adequado e sem vandalismo,balanceada,"De 2,5 até 3,0 m",sem restrições,inadequado (menor que um metro quadrado),Normal
10/7/2023 13:02:42,Rua João Vieira de Camargo,árvore,Oiti,Moquilea tomentosa Benth.,Nativa,"O ""Oiti"" produz frutos com polpa adocicada que atraem diversos animais silvestres.",15 - 20 cm,saudável,adequado e sem vandalismo,"balanceada,  tocando rede elétrica","Acima de 3,0 m",sem restrições,inadequado (menor que um metro quadrado),destruição de calçada
10/7/2023 13:03:49,Rua João Vieira de Camargo,árvore,Oiti,Moquilea tomentosa Benth.,Nativa,"O ""Oiti"" produz frutos com polpa adocicada que atraem diversos animais silvestres.",15 - 20 cm,saudável,adequado e sem vandalismo,"balanceada,  tocando rede elétrica","Acima de 3,0 m",sem restrições,inadequado (menor que um metro quadrado),Normal
10/7/2023 13:04:46,Rua João Vieira de Camargo,árvore,Oiti,Moquilea tomentosa Benth.,Nativa,"O ""Oiti"" produz frutos com polpa adocicada que atraem diversos animais silvestres.",10 - 15 cm,saudável,adequado e sem vandalismo,"balanceada,  tocando rede elétrica","Acima de 3,0 m",sem restrições,inadequado (menor que um metro quadrado),Normal
10/7/2023 13:05:43,Rua João Vieira de Camargo,árvore,Oiti,Moquilea tomentosa Benth.,Nativa,"O ""Oiti"" produz frutos com polpa adocicada que atraem diversos animais silvestres.",20 - 25 cm,saudável,adequado e sem vandalismo,"balanceada,  tocando rede elétrica","Acima de 3,0 m",sem restrições,inadequado (menor que um metro quadrado),Normal
10/7/2023 13:06:29,Rua João Vieira de Camargo,árvore,Oiti,Moquilea tomentosa Benth.,Nativa,"O ""Oiti"" produz frutos com polpa adocicada que atraem diversos animais silvestres.",15 - 20 cm,saudável,com machucados (cortes e rachaduras),"balanceada,  tocando rede elétrica","Acima de 3,0 m",sem restrições,inadequado (menor que um metro quadrado),Normal
10/7/2023 13:07:29,Rua João Vieira de Camargo,árvore,Oiti,Moquilea tomentosa Benth.,Nativa,"O ""Oiti"" produz frutos com polpa adocicada que atraem diversos animais silvestres.",20 - 25 cm,saudável,com machucados (cortes e rachaduras),"balanceada,  tocando rede elétrica","Acima de 3,0 m",sem restrições,inadequado (menor que um metro quadrado),Normal
10/7/2023 13:08:02,Rua João Vieira de Camargo,árvore,Oiti,Moquilea tomentosa Benth.,Nativa,"O ""Oiti"" produz frutos com polpa adocicada que atraem diversos animais silvestres.",15 - 20 cm,saudável,com machucados (cortes e rachaduras),"balanceada,  tocando rede elétrica","Acima de 3,0 m",sem restrições,inadequado (menor que um metro quadrado),Normal
10/7/2023 13:09:11,Rua João Vieira de Camargo,árvore,Oiti,Moquilea tomentosa Benth.,Nativa,"O ""Oiti"" produz frutos com polpa adocicada que atraem diversos animais silvestres.",15 - 20 cm,saudável,com machucados (cortes e rachaduras),balanceada,"Acima de 3,0 m",sem restrições,inadequado (menor que um metro quadrado),Normal
10/7/2023 13:10:07,Rua João Vieira de Camargo,árvore,Oiti,Moquilea tomentosa Benth.,Nativa,"O ""Oiti"" produz frutos com polpa adocicada que atraem diversos animais silvestres.",15 - 20 cm,saudável,com machucados (cortes e rachaduras),balanceada,"Acima de 3,0 m",sem restrições,inadequado (menor que um metro quadrado),Normal
10/7/2023 13:11:05,Rua João Vieira de Camargo,árvore,Oiti,Moquilea tomentosa Benth.,Nativa,"O ""Oiti"" produz frutos com polpa adocicada que atraem diversos animais silvestres.",20 - 25 cm,saudável,com machucados (cortes e rachaduras),"balanceada,  tocando rede elétrica","Acima de 3,0 m",sem restrições,inadequado (menor que um metro quadrado),Normal
10/7/2023 13:11:43,Rua João Vieira de Camargo,árvore,Oiti,Moquilea tomentosa Benth.,Nativa,"O ""Oiti"" produz frutos com polpa adocicada que atraem diversos animais silvestres.",15 - 20 cm,saudável,com machucados (cortes e rachaduras),balanceada,"Acima de 3,0 m",sem restrições,inadequado (menor que um metro quadrado),Normal
10/7/2023 13:12:16,Rua João Vieira de Camargo,árvore,Oiti,Moquilea tomentosa Benth.,Nativa,"O ""Oiti"" produz frutos com polpa adocicada que atraem diversos animais silvestres.",15 - 20 cm,saudável,com machucados (cortes e rachaduras),balanceada,"Acima de 3,0 m",sem restrições,inadequado (menor que um metro quadrado),Normal
10/7/2023 13:12:50,Rua João Vieira de Camargo,árvore,Oiti,Moquilea tomentosa Benth.,Nativa,"O ""Oiti"" produz frutos com polpa adocicada que atraem diversos animais silvestres.",10 - 15 cm,saudável,com machucados (cortes e rachaduras),balanceada,"Acima de 3,0 m",sem restrições,inadequado (menor que um metro quadrado),Normal
10/8/2023 15:53:07,Rua Francisco Rodrigues Júnior,árvore,Oiti,Moquilea tomentosa Benth.,Nativa,"O ""Oiti"" produz frutos com polpa adocicada que atraem diversos animais silvestres.",20 - 25 cm,saudável,com machucados (cortes e rachaduras),balanceada,"De 2,0  até 2,5 m",calçada com desnível (urbanismo),inadequado (menor que um metro quadrado),Normal
10/8/2023 15:55:09,Rua Francisco Rodrigues Júnior,árvore,Oiti,Moquilea tomentosa Benth.,Nativa,"O ""Oiti"" produz frutos com polpa adocicada que atraem diversos animais silvestres.",25 - 30 cm,saudável,com machucados (cortes e rachaduras),balanceada,"De 2,0  até 2,5 m",calçada soerguida (árvore),inadequado (menor que um metro quadrado),Normal
10/7/2023 12:40:53,Rua João Vieira de Camargo,árvore,Paineira,"Ceiba speciosa (A.St.-Hil., A.Juss. & Cambess.) Ravenna",Nativa,"A ""Paineira"" tem tronco verde quando jovem (faz fotossíntese) e é cheio de espinhos cônicos para proteção.",20 - 25 cm,saudável,com gravuras e letras,balanceada,"De 2,0  até 2,5 m",sem restrições,inadequado (menor que um metro quadrado),Normal
10/7/2023 11:20:48,Rua Vicente Eugênio Piedade,árvore,Palmeira,Washingtonia filifera (Rafarin) H.Wendl. ex de Bary,Exótica,"Esta ""Palmeira"" acumula folhas mortas formando uma ""saia"" característica, que serve de abrigo para animais.",25 - 30 cm,saudável,com machucados (cortes e rachaduras),balanceada,"De 2,5 até 3,0 m",sem restrições,inadequado (menor que um metro quadrado),Normal
3/30/2024 16:15:27,Avenida João Barth,árvore,Palmeira,Washingtonia filifera (Rafarin) H.Wendl. ex de Bary,Exótica,"Esta ""Palmeira"" acumula folhas mortas formando uma ""saia"" característica, que serve de abrigo para animais.",Acima de 40 cm ,saudável,adequado e sem vandalismo,balanceada,"Acima de 3,0 m",sem restrições,adequado (ao menos metro quadrado ),Normal
3/30/2024 16:16:54,Avenida João Barth,árvore,Palmeira,Washingtonia filifera (Rafarin) H.Wendl. ex de Bary,Exótica,"Esta ""Palmeira"" acumula folhas mortas formando uma ""saia"" característica, que serve de abrigo para animais.",Acima de 40 cm,saudável,adequado e sem vandalismo,Sem copa,"Acima de 3,0 m",sem restrições,adequado (ao menos metro quadrado ),Normal
3/30/2024 16:17:39,Avenida João Barth,árvore,Palmeira,Washingtonia filifera (Rafarin) H.Wendl. ex de Bary,Exótica,"Esta ""Palmeira"" acumula folhas mortas formando uma ""saia"" característica, que serve de abrigo para animais.",Acima de 40 cm,saudável,adequado e sem vandalismo,balanceada,"Acima de 3,0 m",sem restrições,adequado (ao menos metro quadrado ),Normal
3/30/2024 17:04:41,Avenida João Barth,árvore,Palmeira,Washingtonia filifera (Rafarin) H.Wendl. ex de Bary,Exótica,"Esta ""Palmeira"" acumula folhas mortas formando uma ""saia"" característica, que serve de abrigo para animais.",35 - 40 cm,saudável,adequado e sem vandalismo,Sem copa,"Acima de 3,0 m",sem restrições,inadequado (menor que um metro quadrado),Normal
3/30/2024 17:05:47,Avenida João Barth,árvore,Palmeira,Washingtonia filifera (Rafarin) H.Wendl. ex de Bary,Exótica,"Esta ""Palmeira"" acumula folhas mortas formando uma ""saia"" característica, que serve de abrigo para animais.",35 - 40 cm,saudável,adequado e sem vandalismo,balanceada,"Acima de 3,0 m",sem restrições,inadequado (menor que um metro quadrado),Normal
3/30/2024 17:06:29,Avenida João Barth,árvore,Palmeira,Washingtonia filifera (Rafarin) H.Wendl. ex de Bary,Exótica,"Esta ""Palmeira"" acumula folhas mortas formando uma ""saia"" característica, que serve de abrigo para animais.",35 - 40 cm,saudável,adequado e sem vandalismo,balanceada,"Acima de 3,0 m",sem restrições,inadequado (menor que um metro quadrado),Normal
3/30/2024 17:07:05,Avenida João Barth,árvore,Palmeira,Washingtonia filifera (Rafarin) H.Wendl. ex de Bary,Exótica,"Esta ""Palmeira"" acumula folhas mortas formando uma ""saia"" característica, que serve de abrigo para animais.",35 - 40 cm,saudável,adequado e sem vandalismo,balanceada,"Acima de 3,0 m",sem restrições,inadequado (menor que um metro quadrado),Normal
5/7/2024 8:02:27,Rua Laura Calazans Luz de Moura,árvore,Palmeira,Washingtonia filifera (Rafarin) H.Wendl. ex de Bary,Exótica,"Esta ""Palmeira"" acumula folhas mortas formando uma ""saia"" característica, que serve de abrigo para animais.",35 - 40 cm,saudável,adequado e sem vandalismo,balanceada,"De 2,5 até 3,0 m",sem restrições,inadequado (menor que um metro quadrado),Normal
5/7/2024 8:03:30,Rua Laura Calazans Luz de Moura,árvore,Palmeira,Washingtonia filifera (Rafarin) H.Wendl. ex de Bary,Exótica,"Esta ""Palmeira"" acumula folhas mortas formando uma ""saia"" característica, que serve de abrigo para animais.",35 - 40 cm,saudável,adequado e sem vandalismo,balanceada,"De 2,5 até 3,0 m",sem restrições,inadequado (menor que um metro quadrado),Normal
9/28/2023 15:38:57,Rua José Calazans Luz,árvore,Palmeira imperial,Roystonea oleracea (Jacq.) O.F.Cook,Exótica,"A ""Palmeira-imperial"" pode atingir 40m de altura e foi introduzida no Brasil por D. João VI para ornamentar o Jardim Botânico do RJ.",20 - 25 cm,saudável,adequado e sem vandalismo,balanceada,"Acima de 3,0 m",sem restrições,inadequado (menor que um metro quadrado),Normal
9/28/2023 16:27:11,Rua José Calazans Luz,árvore,Palmeira imperial,Roystonea oleracea (Jacq.) O.F.Cook,Exótica,"A ""Palmeira-imperial"" pode atingir 40m de altura e foi introduzida no Brasil por D. João VI para ornamentar o Jardim Botânico do RJ.",Acima de 45 cm,saudável,adequado e sem vandalismo,balanceada,"Acima de 3,0 m",sem restrições,adequado (ao menos metro quadrado ),Normal
9/28/2023 16:28:06,Rua José Calazans Luz,árvore,Palmeira imperial,Roystonea oleracea (Jacq.) O.F.Cook,Exótica,"A ""Palmeira-imperial"" pode atingir 40m de altura e foi introduzida no Brasil por D. João VI para ornamentar o Jardim Botânico do RJ.",Acima de 40cm,saudável,adequado e sem vandalismo,balanceada,"Acima de 3,0 m",sem restrições,adequado (ao menos metro quadrado ),Normal
9/28/2023 16:29:31,Rua José Calazans Luz,árvore,Palmeira imperial,Roystonea oleracea (Jacq.) O.F.Cook,Exótica,"A ""Palmeira-imperial"" pode atingir 40m de altura e foi introduzida no Brasil por D. João VI para ornamentar o Jardim Botânico do RJ.",Acima de 40 cm,saudável,adequado e sem vandalismo,balanceada,"Acima de 3,0 m",sem restrições,adequado (ao menos metro quadrado ),Normal
10/7/2023 11:41:49,Rua Vicente Eugênio Piedade,árvore,Palmeira imperial,Roystonea oleracea (Jacq.) O.F.Cook,Exótica,"A ""Palmeira-imperial"" pode atingir 40m de altura e foi introduzida no Brasil por D. João VI para ornamentar o Jardim Botânico do RJ.",Acima de 40 cm ,saudável,adequado e sem vandalismo,balanceada,"De 2,0  até 2,5 m",sem espaço suficiente,inadequado (menor que um metro quadrado),Normal
10/7/2023 11:43:12,Rua Vicente Eugênio Piedade,árvore,Palmeira imperial,Roystonea oleracea (Jacq.) O.F.Cook,Exótica,"A ""Palmeira-imperial"" pode atingir 40m de altura e foi introduzida no Brasil por D. João VI para ornamentar o Jardim Botânico do RJ.",Acima de 40 cm ,saudável,adequado e sem vandalismo,balanceada,"De 2,5 até 3,0 m",sem restrições,inadequado (menor que um metro quadrado),Normal
9/26/2023 16:13:05,Rua José Calazans Luz,árvore,Pata de vaca,Bauhinia forficata Link,Nativa,"A ""Pata-de-vaca"" tem folhas em formato de casco bovino e suas flores são melíferas.",35 - 40 cm,saudável,adequado e sem vandalismo,desbalanceada para a rua,"De 2,5 até 3,0 m",sem restrições,inadequado,destruição de calçada
9/28/2023 16:21:53,Rua José Calazans Luz,árvore,Pata de vaca,Bauhinia forficata Link,Nativa,"A ""Pata-de-vaca"" tem folhas em formato de casco bovino e suas flores são melíferas.",35 - 40 cm,saudável,com machucados (cortes),Desbalanço lateral,"De 2,5 até 3,0 m",sem restrições,inadequado (menor que um metro quadrado),Normal
10/6/2023 17:44:07,Rua  Prof. Jair Barth,árvore,Pata de vaca,Bauhinia forficata Link,Nativa,"A ""Pata-de-vaca"" tem folhas em formato de casco bovino e suas flores são melíferas.",Acima de 40 cm,saudável,adequado e sem vandalismo,"tocando rede elétrica,  poda em V","De 2,5 até 3,0 m",sem restrições,inadequado (menor que um metro quadrado),Normal
10/6/2023 18:28:11,Rua  Prof. Jair Barth,árvore,Pata de vaca,Bauhinia forficata Link,Nativa,"A ""Pata-de-vaca"" tem folhas em formato de casco bovino e suas flores são melíferas.",30 - 35 cm,"Com podridão leve no tronco, com podridão em alguns galhos e/ou folhas",com gravuras e letras,Desbalanço lateral,"De 2,5 até 3,0 m",calçada com desnível (urbanismo),inadequado (menor que um metro quadrado),destruição de calçada
10/6/2023 18:37:49,Rua  Prof. Jair Barth,árvore,Pata de vaca,Bauhinia forficata Link,Nativa,"A ""Pata-de-vaca"" tem folhas em formato de casco bovino e suas flores são melíferas.",35 - 40 cm,com podridão severa de tronco,adequado e sem vandalismo,balanceada,"De 2,5 até 3,0 m",sem restrições,inadequado (menor que um metro quadrado),Normal
10/7/2023 11:36:47,Rua Vicente Eugênio Piedade,árvore,Pata de vaca,Bauhinia forficata Link,Nativa,"A ""Pata-de-vaca"" tem folhas em formato de casco bovino e suas flores são melíferas.",35 - 40 cm,saudável,adequado e sem vandalismo,"balanceada,  desbalanceada para o imóvel,  com cipó chumbo","De 2,5 até 3,0 m",sem restrições,inadequado (menor que um metro quadrado),destruição de calçada
10/7/2023 13:23:47,Rua João Vieira de Camargo,árvore,Pata de vaca,Bauhinia forficata Link,Nativa,"A ""Pata-de-vaca"" tem folhas em formato de casco bovino e suas flores são melíferas.",15 - 20 cm,saudável,com machucados (cortes e rachaduras),"desbalanceada para a rua,  tocando rede elétrica","Acima de 3,0 m",sem restrições,inadequado (menor que um metro quadrado),destruição de calçada
3/30/2024 15:28:57,Avenida João Barth,árvore,Pata de vaca,Bauhinia forficata Link,Nativa,"A ""Pata-de-vaca"" tem folhas em formato de casco bovino e suas flores são melíferas.",Acima de 40 cm ,Com podridão mediana no tronco,"adequado e sem vandalismo, com machucados (cortes e rachaduras)","desbalanceada para a rua,  atrapalhando visão do trânsito","Acima de 3,0 m","calçada soerguida (árvore),  calçada com desnível (urbanismo)",ausente (colo soterrado),destruição de calçada
3/30/2024 15:31:06,Avenida João Barth,árvore,Pata de vaca,Bauhinia forficata Link,Nativa,"A ""Pata-de-vaca"" tem folhas em formato de casco bovino e suas flores são melíferas.",Acima de 40 cm,Com podridão leve no tronco,"adequado e sem vandalismo, com machucados (cortes e rachaduras)","desbalanceada para a rua,  atrapalhando visão do trânsito","Acima de 3,0 m",sem restrições,inadequado (menor que um metro quadrado),Normal
3/30/2024 15:37:38,Avenida João Barth,árvore,Pata de vaca,Bauhinia forficata Link,Nativa,"A ""Pata-de-vaca"" tem folhas em formato de casco bovino e suas flores são melíferas.",Acima de 40 cm ,Com podridão mediana no tronco,"adequado e sem vandalismo, com machucados (cortes e rachaduras)",desbalanceada para a rua,"Acima de 3,0 m",sem restrições,inadequado (menor que um metro quadrado),Normal
3/30/2024 15:39:49,Avenida João Barth,árvore,Pata de vaca,Bauhinia forficata Link,Nativa,"A ""Pata-de-vaca"" tem folhas em formato de casco bovino e suas flores são melíferas.",Acima de 40 cm ,Com podridão leve no tronco,"adequado e sem vandalismo, com machucados (cortes e rachaduras)","desbalanceada para a rua,  com erva de passarinho","Acima de 3,0 m",sem restrições,inadequado (menor que um metro quadrado),Normal
3/30/2024 15:50:07,Avenida João Barth,árvore,Pata de vaca,Bauhinia forficata Link,Nativa,"A ""Pata-de-vaca"" tem folhas em formato de casco bovino e suas flores são melíferas.",Acima de 40 cm,Com podridão leve no tronco,"adequado e sem vandalismo, com machucados (cortes e rachaduras)","balanceada,  com erva de passarinho","Acima de 3,0 m",sem restrições,ausente (colo soterrado),Normal
3/30/2024 16:24:10,Avenida João Barth,árvore,Pata de vaca,Bauhinia forficata Link,Nativa,"A ""Pata-de-vaca"" tem folhas em formato de casco bovino e suas flores são melíferas.",Acima de 40 cm,saudável,"adequado e sem vandalismo, com machucados (cortes e rachaduras)","balanceada,  com erva de passarinho,  com figueira mata pau","Acima de 3,0 m",sem restrições,inadequado (menor que um metro quadrado),Normal
3/30/2024 16:29:04,Avenida João Barth,árvore,Pata de vaca,Bauhinia forficata Link,Nativa,"A ""Pata-de-vaca"" tem folhas em formato de casco bovino e suas flores são melíferas.",Acima de 40 cm ,saudável,"adequado e sem vandalismo, com machucados (cortes e rachaduras)","balanceada, desbalanceada para o imóvel,  com erva de passarinho,  com cipó chumbo","Acima de 3,0 m",sem restrições,inadequado (menor que um metro quadrado),Normal
3/30/2024 16:31:54,Avenida João Barth,árvore,Pata de vaca,Bauhinia forficata Link,Nativa,"A ""Pata-de-vaca"" tem folhas em formato de casco bovino e suas flores são melíferas.",Acima de 40 cm,saudável,"adequado e sem vandalismo, com machucados (cortes e rachaduras)","balanceada,  com erva de passarinho","Acima de 3,0 m","calçada soerguida (árvore),  calçada com desnível (urbanismo)",inadequado (menor que um metro quadrado),raiz exposta
3/30/2024 16:33:10,Avenida João Barth,árvore,Pata de vaca,Bauhinia forficata Link,Nativa,"A ""Pata-de-vaca"" tem folhas em formato de casco bovino e suas flores são melíferas.",Acima de 40 cm,saudável,"adequado e sem vandalismo, com machucados (cortes e rachaduras)","balanceada,  com erva de passarinho","Acima de 3,0 m",sem restrições,inadequado (menor que um metro quadrado),Normal
3/30/2024 16:40:46,Avenida João Barth,árvore,Pata de vaca,Bauhinia forficata Link,Nativa,"A ""Pata-de-vaca"" tem folhas em formato de casco bovino e suas flores são melíferas.",Acima de 40 cm ,Com podridão leve no tronco,"adequado e sem vandalismo, com machucados (cortes e rachaduras)",balanceada,"Acima de 3,0 m",calçada soerguida (árvore),ausente (colo soterrado),Normal
3/30/2024 16:46:15,Avenida João Barth,árvore,Pata de vaca,Bauhinia forficata Link,Nativa,"A ""Pata-de-vaca"" tem folhas em formato de casco bovino e suas flores são melíferas.",Acima de 40 cm ,saudável,"adequado e sem vandalismo, com machucados (cortes e rachaduras)","balanceada,  com erva de passarinho","Acima de 3,0 m","sem restrições,  calçada soerguida (árvore)",ausente (colo soterrado),"raiz exposta,  destruição de calçada"
3/30/2024 17:12:48,Avenida João Barth,árvore,Pata de vaca,Bauhinia forficata Link,Nativa,"A ""Pata-de-vaca"" tem folhas em formato de casco bovino e suas flores são melíferas.",35 - 40 cm,saudável,adequado e sem vandalismo,Poda drástica,"Acima de 3,0 m",sem restrições,inadequado (menor que um metro quadrado),Normal
3/30/2024 17:13:17,Avenida João Barth,árvore,Pata de vaca,Bauhinia forficata Link,Nativa,"A ""Pata-de-vaca"" tem folhas em formato de casco bovino e suas flores são melíferas.",35 - 40 cm,saudável,adequado e sem vandalismo,Poda drástica,"Acima de 3,0 m",sem restrições,inadequado (menor que um metro quadrado),Normal
10/15/2023 15:56:43,Rua Laura Calazans Luz de Moura,árvore,Pau formiga,Triplaris americana L.,Nativa,"Conhecida como ""Pau-formiga"", possui tronco oco que é colonizado por formigas agressivas em simbiose.",35 - 40 cm,"com podridão severa de tronco, com podridão em muitos galhos e/ou folhas",com machucados (cortes e rachaduras),"desbalanceada para a rua,  com figueira mata pau","De 2,5 até 3,0 m",sem restrições,inadequado (menor que um metro quadrado),Normal
10/15/2023 16:18:34,Rua Laura Calazans Luz de Moura,árvore,Pau-ferro,Libidibia ferrea (Mart. ex Tul.) L.P.Queiroz,Nativa,"O ""Pau-ferro"" tem uma das madeiras mais densas e pesadas do Brasil, realmente afundando na água.",Acima de 49,saudável,adequado e sem vandalismo,balanceada,"De 2,5 até 3,0 m",sem restrições,inadequado (menor que um metro quadrado),Normal
9/28/2023 16:00:52,Rua José Calazans Luz,árvore,Pitangueira,Eugenia uniflora L.,Nativa,"A ""Pitangueira"" produz frutos ricos em vitamina A e suas folhas são usadas em chás medicinais.",15 - 20 cm,saudável,adequado e sem vandalismo,balanceada,"De 2,5 até 3,0 m",sem restrições,inadequado (menor que um metro quadrado),Normal
9/28/2023 16:10:19,Rua José Calazans Luz,árvore,Pitangueira,Eugenia uniflora L.,Nativa,"A ""Pitangueira"" produz frutos ricos em vitamina A e suas folhas são usadas em chás medicinais.",25 - 30 cm,"Com podridão leve no tronco, Galhos quebrados na copa ",adequado e sem vandalismo,balanceada,"De 2,5 até 3,0 m",sem restrições,inadequado (menor que um metro quadrado),Normal
9/28/2023 16:16:20,Rua José Calazans Luz,árvore,Pitangueira,Eugenia uniflora L.,Nativa,"A ""Pitangueira"" produz frutos ricos em vitamina A e suas folhas são usadas em chás medicinais.",25 - 30 cm,Cochonilhas nas folhas ,com gravuras e letras,balanceada,"De 2,5 até 3,0 m",sem restrições,inadequado (menor que um metro quadrado),Normal
9/28/2023 16:17:49,Rua José Calazans Luz,árvore,Pitangueira,Eugenia uniflora L.,Nativa,"A ""Pitangueira"" produz frutos ricos em vitamina A e suas folhas são usadas em chás medicinais.",25 - 30 cm,Presença de cochonilhas ,com gravuras e letras,balanceada,"De 2,5 até 3,0 m",sem restrições,inadequado (menor que um metro quadrado),Normal
10/6/2023 17:23:08,Rua  Prof. Jair Barth,árvore,Pitangueira,Eugenia uniflora L.,Nativa,"A ""Pitangueira"" produz frutos ricos em vitamina A e suas folhas são usadas em chás medicinais.",5 - 10 cm,saudável,adequado e sem vandalismo,balanceada,"De 2,5 até 3,0 m",sem restrições,inadequado (menor que um metro quadrado),Normal
10/6/2023 17:46:42,Rua  Prof. Jair Barth,árvore,Pitangueira,Eugenia uniflora L.,Nativa,"A ""Pitangueira"" produz frutos ricos em vitamina A e suas folhas são usadas em chás medicinais.",0 - 5 cm,saudável,adequado e sem vandalismo,balanceada,"De 2,5 até 3,0 m",sem restrições,inadequado (menor que um metro quadrado),Normal
10/6/2023 17:54:22,Rua  Prof. Jair Barth,árvore,Pitangueira,Eugenia uniflora L.,Nativa,"A ""Pitangueira"" produz frutos ricos em vitamina A e suas folhas são usadas em chás medicinais.",35 - 40 cm,saudável,adequado e sem vandalismo,"balanceada,  tocando rede elétrica","De 2,5 até 3,0 m",sem restrições,inadequado (menor que um metro quadrado),destruição de calçada
10/7/2023 11:33:22,Rua Vicente Eugênio Piedade,árvore,Pitangueira,Eugenia uniflora L.,Nativa,"A ""Pitangueira"" produz frutos ricos em vitamina A e suas folhas são usadas em chás medicinais.",15 - 20 cm,Com podridão leve no tronco,adequado e sem vandalismo,balanceada,"De 2,5 até 3,0 m",sem restrições,inadequado (menor que um metro quadrado),Normal
3/30/2024 16:42:43,Avenida João Barth,árvore,Pitangueira,Eugenia uniflora L.,Nativa,"A ""Pitangueira"" produz frutos ricos em vitamina A e suas folhas são usadas em chás medicinais.",35 - 40 cm,saudável,adequado e sem vandalismo,balanceada,"Acima de 3,0 m",sem restrições,adequado (ao menos metro quadrado ),Normal
10/23/2023 0:46:47,Rua João Vieira de Camargo,árvore,Plátano,Platanus occidentalis L.,Exótica,"O ""Plátano"" descama sua casca naturalmente, revelando um tronco manchado de verde, branco e cinza.",Acima de 40 cm ,saudável,adequado e sem vandalismo,Poda drástica,"De 2,5 até 3,0 m",sem restrições,inadequado (menor que um metro quadrado),Normal
10/15/2023 16:24:23,Rua Laura Calazans Luz de Moura,árvore,Primavera,Bougainvillea glabra Choisy,Nativa,"A ""Primavera"" tem suas ""flores"" coloridas que na verdade são brácteas foliáceas, as verdadeiras flores são pequenas e brancas.",0 - 5 cm,saudável,adequado e sem vandalismo,balanceada,"De 2,5 até 3,0 m",sem restrições,inadequado (menor que um metro quadrado),Normal
9/26/2023 16:09:41,Rua José Calazans Luz,árvore,Quaresmeira,Pleroma granulosum (Desr.) D.Don,Nativa,"A ""Quaresmeira"" floresce principalmente no período da Quaresma (fevereiro-abril), daí seu nome popular.",35 - 40 cm,com podridão em alguns galhos e/ou folhas,adequado e sem vandalismo,desbalanceada para a rua,"De 2,5 até 3,0 m",sem restrições,inadequado,destruição de calçada
9/26/2023 16:19:32,Rua José Calazans Luz,árvore,Quaresmeira,Pleroma granulosum (Desr.) D.Don,Nativa,"A ""Quaresmeira"" floresce principalmente no período da Quaresma (fevereiro-abril), daí seu nome popular.",30 - 35 cm,saudável,adequado e sem vandalismo,desbalanceada para a rua,"De 2,5 até 3,0 m",sem restrições,ausente,destruição de calçada
9/26/2023 16:21:28,Rua José Calazans Luz,árvore,Quaresmeira,Pleroma granulosum (Desr.) D.Don,Nativa,"A ""Quaresmeira"" floresce principalmente no período da Quaresma (fevereiro-abril), daí seu nome popular.",20 - 25 cm,com podridão em alguns galhos e/ou folhas,adequado e sem vandalismo,desbalanceada para a rua,"De 2,5 até 3,0 m",sem restrições,inadequado,Normal
9/28/2023 15:36:01,Rua José Calazans Luz,árvore,Quaresmeira,Pleroma granulosum (Desr.) D.Don,Nativa,"A ""Quaresmeira"" floresce principalmente no período da Quaresma (fevereiro-abril), daí seu nome popular.",20 - 25 cm,saudável,adequado e sem vandalismo,"balanceada,  um galho seco","Acima de 3,0 m",sem restrições,inadequado (menor que um metro quadrado),Normal
10/7/2023 11:00:19,Rua Vicente Eugênio Piedade,árvore,Quaresmeira,Pleroma granulosum (Desr.) D.Don,Nativa,"A ""Quaresmeira"" floresce principalmente no período da Quaresma (fevereiro-abril), daí seu nome popular.",15 - 20 cm,"Com podridão mediana no tronco, com podridão em muitos galhos e/ou folhas",com machucados (cortes e rachaduras),Desbalanço lateral,"Acima de 3,0 m",sem restrições,inadequado (menor que um metro quadrado),Normal
10/7/2023 12:23:40,Rua Vicente Eugênio Piedade,árvore,Quaresmeira,Pleroma granulosum (Desr.) D.Don,Nativa,"A ""Quaresmeira"" floresce principalmente no período da Quaresma (fevereiro-abril), daí seu nome popular.",Acima de 40 cm ,"Com podridão mediana no tronco, com podridão em alguns galhos e/ou folhas",adequado e sem vandalismo,"balanceada,  tocando rede elétrica","De 1,5 até 2,0 m",sem restrições,inadequado (menor que um metro quadrado),Normal
10/8/2023 15:57:58,Rua Francisco Rodrigues Júnior,árvore,Quaresmeira,Pleroma granulosum (Desr.) D.Don,Nativa,"A ""Quaresmeira"" floresce principalmente no período da Quaresma (fevereiro-abril), daí seu nome popular.",10 - 15 cm,com podridão em alguns galhos e/ou folhas,com machucados (cortes e rachaduras),desbalanceada para a rua,"De 2,0  até 2,5 m",calçada com desnível (urbanismo),inadequado (menor que um metro quadrado),Normal
10/15/2023 16:14:25,Rua Laura Calazans Luz de Moura,árvore,Quaresmeira,Pleroma granulosum (Desr.) D.Don,Nativa,"A ""Quaresmeira"" floresce principalmente no período da Quaresma (fevereiro-abril), daí seu nome popular.",30 - 35 cm,saudável,adequado e sem vandalismo,desbalanceada para a rua,"De 2,5 até 3,0 m",sem restrições,inadequado (menor que um metro quadrado),Normal
10/15/2023 16:16:06,Rua Laura Calazans Luz de Moura,árvore,Quaresmeira,Pleroma granulosum (Desr.) D.Don,Nativa,"A ""Quaresmeira"" floresce principalmente no período da Quaresma (fevereiro-abril), daí seu nome popular.",20 - 25 cm,com podridão em alguns galhos e/ou folhas,com machucados (cortes e rachaduras),desbalanceada para a rua,"De 2,5 até 3,0 m",sem restrições,inadequado (menor que um metro quadrado),Normal
10/15/2023 16:33:55,Rua Laura Calazans Luz de Moura,árvore,Quaresmeira,Pleroma granulosum (Desr.) D.Don,Nativa,"A ""Quaresmeira"" floresce principalmente no período da Quaresma (fevereiro-abril), daí seu nome popular.",20 - 25 cm,"com podridão severa de tronco, com podridão em muitos galhos e/ou folhas",com machucados (cortes e rachaduras),"desbalanceada para o imóvel,  tocando rede elétrica","De 2,0  até 2,5 m",sem restrições,inadequado (menor que um metro quadrado),"raiz exposta,  destruição de calçada"
10/15/2023 16:35:44,Rua Laura Calazans Luz de Moura,árvore,Quaresmeira,Pleroma granulosum (Desr.) D.Don,Nativa,"A ""Quaresmeira"" floresce principalmente no período da Quaresma (fevereiro-abril), daí seu nome popular.",30 - 35 cm,com podridão em alguns galhos e/ou folhas,com machucados (cortes e rachaduras),"desbalanceada para o imóvel,  tocando rede elétrica","De 2,0  até 2,5 m",sem restrições,inadequado (menor que um metro quadrado),"raiz exposta,  destruição de calçada"
10/15/2023 16:41:40,Rua Laura Calazans Luz de Moura,árvore,Quaresmeira,Pleroma granulosum (Desr.) D.Don,Nativa,"A ""Quaresmeira"" floresce principalmente no período da Quaresma (fevereiro-abril), daí seu nome popular.",45 - 50 cm,saudável,com machucados (cortes e rachaduras),"desbalanceada para o imóvel,  tocando rede elétrica","De 2,0  até 2,5 m",sem restrições,inadequado (menor que um metro quadrado),destruição de calçada
10/15/2023 16:43:18,Rua Laura Calazans Luz de Moura,árvore,Quaresmeira,Pleroma granulosum (Desr.) D.Don,Nativa,"A ""Quaresmeira"" floresce principalmente no período da Quaresma (fevereiro-abril), daí seu nome popular.",35 - 40 cm,com podridão em alguns galhos e/ou folhas,com machucados (cortes e rachaduras),"balanceada, tocando rede elétrica","De 2,0  até 2,5 m",sem restrições,inadequado (menor que um metro quadrado),"raiz exposta,  destruição de calçada"
10/15/2023 16:44:31,Rua Laura Calazans Luz de Moura,árvore,Quaresmeira,Pleroma granulosum (Desr.) D.Don,Nativa,"A ""Quaresmeira"" floresce principalmente no período da Quaresma (fevereiro-abril), daí seu nome popular.",30 - 35 cm,saudável,com machucados (cortes e rachaduras),"balanceada, tocando rede elétrica,  com bromélias","De 2,0  até 2,5 m",sem restrições,inadequado (menor que um metro quadrado),destruição de calçada
10/15/2023 16:46:17,Rua Laura Calazans Luz de Moura,árvore,Quaresmeira,Pleroma granulosum (Desr.) D.Don,Nativa,"A ""Quaresmeira"" floresce principalmente no período da Quaresma (fevereiro-abril), daí seu nome popular.",35 - 40 cm,"Com podridão mediana no tronco, com podridão em alguns galhos e/ou folhas",adequado e sem vandalismo,"balanceada, tocando rede elétrica,  atrapalhando visão do trânsito,  com bromélias","De 2,0  até 2,5 m",sem restrições,inadequado (menor que um metro quadrado),destruição de calçada
3/30/2024 15:23:50,Avenida João Barth,árvore,Quaresmeira,Pleroma granulosum (Desr.) D.Don,Nativa,"A ""Quaresmeira"" floresce principalmente no período da Quaresma (fevereiro-abril), daí seu nome popular.",15 - 20 cm,Com podridão leve no tronco,"adequado e sem vandalismo, com machucados (cortes e rachaduras)",balanceada,"Acima de 3,0 m",sem restrições,ausente (colo soterrado),destruição de calçada
3/30/2024 16:19:14,Avenida João Barth,árvore,Quaresmeira,Pleroma granulosum (Desr.) D.Don,Nativa,"A ""Quaresmeira"" floresce principalmente no período da Quaresma (fevereiro-abril), daí seu nome popular.",35 - 40 cm,saudável,"adequado e sem vandalismo, com machucados (cortes e rachaduras)","desbalanceada para o imóvel,  tocando rede elétrica","Acima de 3,0 m",sem restrições,inadequado (menor que um metro quadrado),Normal
3/30/2024 16:20:10,Avenida João Barth,árvore,Quaresmeira,Pleroma granulosum (Desr.) D.Don,Nativa,"A ""Quaresmeira"" floresce principalmente no período da Quaresma (fevereiro-abril), daí seu nome popular.",35 - 40 cm,saudável,adequado e sem vandalismo,"balanceada,  tocando rede elétrica","Acima de 3,0 m",sem restrições,inadequado (menor que um metro quadrado),Normal
9/28/2023 15:45:45,Rua José Calazans Luz,árvore,Resedá,Lagerstroemia indica L.,Exótica,"A ""Resedá"" tem troncos tão lisos que parecem ter sido pintados, descamando em placas finas.",15 - 20 cm,saudável,adequado e sem vandalismo,balanceada,"Acima de 3,0 m",sem restrições,inadequado (menor que um metro quadrado),Normal
10/6/2023 17:18:38,Rua  Prof. Jair Barth,árvore,Resedá,Lagerstroemia indica L.,Exótica,"A ""Resedá"" tem troncos tão lisos que parecem ter sido pintados, descamando em placas finas.",10 - 15 cm,saudável,adequado e sem vandalismo,balanceada,"De 2,5 até 3,0 m",sem restrições,inadequado (menor que um metro quadrado),Normal
10/6/2023 17:38:56,Rua  Prof. Jair Barth,árvore,Resedá,Lagerstroemia indica L.,Exótica,"A ""Resedá"" tem troncos tão lisos que parecem ter sido pintados, descamando em placas finas.",5 - 10 cm,"saudável, Corda amarada no galho ",adequado e sem vandalismo,balanceada,"De 2,5 até 3,0 m",sem restrições,inadequado (menor que um metro quadrado),Normal
10/6/2023 17:42:20,Rua  Prof. Jair Barth,árvore,Resedá,Lagerstroemia indica L.,Exótica,"A ""Resedá"" tem troncos tão lisos que parecem ter sido pintados, descamando em placas finas.",15 - 20 cm,saudável,adequado e sem vandalismo,balanceada,"De 2,5 até 3,0 m",sem restrições,inadequado (menor que um metro quadrado),Normal
10/6/2023 18:13:03,Rua  Prof. Jair Barth,árvore,Resedá,Lagerstroemia indica L.,Exótica,"A ""Resedá"" tem troncos tão lisos que parecem ter sido pintados, descamando em placas finas.",10 - 15 cm,saudável,adequado e sem vandalismo,balanceada,"De 2,5 até 3,0 m",sem restrições,inadequado (menor que um metro quadrado),Normal
10/7/2023 12:00:01,Rua Vicente Eugênio Piedade,árvore,Resedá,Lagerstroemia indica L.,Exótica,"A ""Resedá"" tem troncos tão lisos que parecem ter sido pintados, descamando em placas finas.",20 - 25 cm,saudável,adequado e sem vandalismo,Com cipó chumbo,"De 2,5 até 3,0 m",sem restrições,inadequado (menor que um metro quadrado),destruição de calçada
10/8/2023 15:29:38,Rua Francisco Rodrigues Júnior,árvore,Resedá,Lagerstroemia indica L.,Exótica,"A ""Resedá"" tem troncos tão lisos que parecem ter sido pintados, descamando em placas finas.",5 - 10 cm,saudável,adequado e sem vandalismo,balanceada,"De 2,5 até 3,0 m",sem restrições,inadequado (menor que um metro quadrado),Normal
10/8/2023 15:32:17,Rua Francisco Rodrigues Júnior,árvore,Resedá,Lagerstroemia indica L.,Exótica,"A ""Resedá"" tem troncos tão lisos que parecem ter sido pintados, descamando em placas finas.",10 - 15 cm,saudável,adequado e sem vandalismo,balanceada,"De 2,5 até 3,0 m",sem restrições,inadequado (menor que um metro quadrado),Normal
10/15/2023 15:31:16,Rua Laura Calazans Luz de Moura,árvore,Resedá,Lagerstroemia indica L.,Exótica,"A ""Resedá"" tem troncos tão lisos que parecem ter sido pintados, descamando em placas finas.",10 - 15 cm,saudável,adequado e sem vandalismo,balanceada,"De 2,5 até 3,0 m",sem restrições,inadequado (menor que um metro quadrado),Normal
10/15/2023 15:32:12,Rua Laura Calazans Luz de Moura,árvore,Resedá,Lagerstroemia indica L.,Exótica,"A ""Resedá"" tem troncos tão lisos que parecem ter sido pintados, descamando em placas finas.",5 - 10 cm,saudável,adequado e sem vandalismo,balanceada,"De 2,5 até 3,0 m",sem restrições,inadequado (menor que um metro quadrado),Normal
10/15/2023 16:31:19,Rua Laura Calazans Luz de Moura,árvore,Resedá,Lagerstroemia indica L.,Exótica,"A ""Resedá"" tem troncos tão lisos que parecem ter sido pintados, descamando em placas finas.",10 - 15 cm,saudável,com machucados (cortes e rachaduras),Desbalanço lateral,"De 2,5 até 3,0 m",sem restrições,inadequado (menor que um metro quadrado),Normal
10/15/2023 16:37:41,Rua Laura Calazans Luz de Moura,árvore,Resedá,Lagerstroemia indica L.,Exótica,"A ""Resedá"" tem troncos tão lisos que parecem ter sido pintados, descamando em placas finas.",5 - 10 cm,saudável,adequado e sem vandalismo,desbalanceada para a rua,"De 2,5 até 3,0 m",sem restrições,inadequado (menor que um metro quadrado),Normal
10/15/2023 16:39:18,Rua Laura Calazans Luz de Moura,árvore,Resedá,Lagerstroemia indica L.,Exótica,"A ""Resedá"" tem troncos tão lisos que parecem ter sido pintados, descamando em placas finas.",20 - 25 cm,"Com podridão mediana no tronco, com podridão em muitos galhos e/ou folhas",com machucados (cortes e rachaduras),desbalanceada para a rua,"De 2,5 até 3,0 m",sem restrições,inadequado (menor que um metro quadrado),Normal
3/30/2024 15:59:35,Avenida João Barth,árvore,Resedá,Lagerstroemia indica L.,Exótica,"A ""Resedá"" tem troncos tão lisos que parecem ter sido pintados, descamando em placas finas.",20 - 25 cm,"saudável, presença de formigas, Presença de cabo de madeira na lateral do tronco","adequado e sem vandalismo, com machucados (cortes e rachaduras)",balanceada,"Acima de 3,0 m",sem restrições,inadequado (menor que um metro quadrado),Normal
3/30/2024 16:48:15,Avenida João Barth,árvore,Resedá,Lagerstroemia indica L.,Exótica,"A ""Resedá"" tem troncos tão lisos que parecem ter sido pintados, descamando em placas finas.",10 - 15 cm,saudável,adequado e sem vandalismo,"balanceada,  tocando rede elétrica","Acima de 3,0 m",sem restrições,inadequado (menor que um metro quadrado),Normal
3/30/2024 16:49:22,Avenida João Barth,árvore,Resedá,Lagerstroemia indica L.,Exótica,"A ""Resedá"" tem troncos tão lisos que parecem ter sido pintados, descamando em placas finas.",0 - 5 cm,saudável,adequado e sem vandalismo,Muda nova,"Acima de 3,0 m",sem restrições,inadequado (menor que um metro quadrado),Normal
10/23/2023 0:55:31,Rua Vicente Eugênio Piedade,árvore,Seriguela,Spondias purpurea L.,Nativa,"A ""Seriguela"" produz frutos que podem ser consumidos verdes (azedos) ou maduros (doces), muito ricos em vitamina C.",35 - 40 cm,Com podridão mediana no tronco,com machucados (cortes e rachaduras),desbalanceada para a rua,"De 2,5 até 3,0 m",sem restrições,inadequado (menor que um metro quadrado),destruição de calçada
10/6/2023 18:23:08,Rua  Prof. Jair Barth,árvore,Sibipiruna,Cenostigma pluviosum (DC.) Gagnon & G.P.Lewis,Nativa,"A ""Sibipiruna"" pode viver mais de 200 anos e sua copa oferece excelente sombra.",Quase 1 metro ,"com podridão severa de tronco, com podridão em muitos galhos e/ou folhas",adequado e sem vandalismo,desbalanceada para o imóvel,"De 2,5 até 3,0 m",sem restrições,inadequado (menor que um metro quadrado),destruição de calçada
10/8/2023 15:45:05,Rua Francisco Rodrigues Júnior,árvore,Sibipiruna,Cenostigma pluviosum (DC.) Gagnon & G.P.Lewis,Nativa,"A ""Sibipiruna"" pode viver mais de 200 anos e sua copa oferece excelente sombra.",58 cm,"com podridão severa de tronco, com podridão em alguns galhos e/ou folhas, presença de cupins",com machucados (cortes e rachaduras),"desbalanceada para a rua,  com figueira mata pau,  com bromélias","De 2,5 até 3,0 m",calçada soerguida (árvore),adequado (ao menos metro quadrado ),"raiz exposta,  destruição de calçada"
10/8/2023 15:48:22,Rua Francisco Rodrigues Júnior,árvore,Sibipiruna,Cenostigma pluviosum (DC.) Gagnon & G.P.Lewis,Nativa,"A ""Sibipiruna"" pode viver mais de 200 anos e sua copa oferece excelente sombra.",60 cm,"Com podridão mediana no tronco, com podridão em alguns galhos e/ou folhas",com machucados (cortes e rachaduras),"balanceada,  com bromélias","De 2,5 até 3,0 m",sem restrições,adequado (ao menos metro quadrado ),destruição de calçada
10/15/2023 16:55:48,Rua Laura Calazans Luz de Moura,árvore,Tipuana,Tipuana tipu (Benth.) Kuntze,Nativa,"Conhecida como ""Tipuana"", produz sementes aladas que giram como hélices ao cair, dispersando-se pelo vento.",60 cm,"Com podridão leve no tronco, com podridão em muitos galhos e/ou folhas, presença de formigas, Árvore depauperado ",com machucados (cortes e rachaduras),desbalanceada para a rua,"De 2,0  até 2,5 m",sem restrições,inadequado (menor que um metro quadrado),destruição de pavimento asfáltico
10/15/2023 16:57:30,Rua Laura Calazans Luz de Moura,árvore,Tipuana,Tipuana tipu (Benth.) Kuntze,Nativa,"Conhecida como ""Tipuana"", produz sementes aladas que giram como hélices ao cair, dispersando-se pelo vento.",70 cm,Com podridão leve no tronco,com machucados (cortes e rachaduras),desbalanceada para a rua,"De 2,0  até 2,5 m",sem restrições,ausente (colo soterrado),destruição de pavimento asfáltico
,,,,,,,,,,,,,,
,,,,,,,,,,,,,,
,,,,,,,,,,,,,,
,,,,,,,,,,,,,,
